id,username,email,password_hash,sensitive_info
1,clared0,smounsie0@admin.ch,e0af4b24e123bd21b5a1ebd27b98e11d,+269 444 411 0274
2,ekowalik1,mmoatt1@ocn.ne.jp,75e26477d25e81a73281896323b9f881,+54 903 716 3157
3,hiczokvitz2,otalton2@pcworld.com,da20b4b0cfd394c25b981fd56679b506,+55 480 843 9790
4,fmatchett3,mmugleston3@va.gov,1dba532999af09f2d6e0d4c93fb8aba6,+81 602 507 4905
5,adomney4,tfrankel4@woothemes.com,1c88ef5ae358b3474f6d39b329ae3e3e,+1 418 644 0942
6,ddy5,rumney5@salon.com,995d871cb1a373f9ccb595f56814e8cc,+62 680 927 4108
7,karchibould6,afilyaev6@cloudflare.com,a8b3796b0c0a401da34987c584ffab80,+86 884 951 0917
8,lphinn7,jdestoop7@sourceforge.net,edee205d224c153a92c0566fe197eb0d,+62 147 861 9298
9,ctoop8,gsinclaire8@yellowpages.com,bcd78cfb026c9fab00559fa29ee5fe10,+30 308 594 7646
10,vrabbet9,mtootin9@deviantart.com,2b034e64c856ee4bc6d4bc3d0bed2c60,+420 828 513 3266
11,tlarensona,dphippena@mozilla.com,6384f575d6331b19ef2d7de0c81ed93f,+7 301 687 3903
12,zbaskervilleb,learlyb@fc2.com,15d4d93a911d83695ee203596c55970c,+86 330 587 5440
13,dtoffoloc,mmerlinc@redcross.org,ec6240a8fb5e795ce672f45b2c9f945a,+506 862 455 0055
14,saldersond,atitchend@wired.com,737f68890b9b695d551e0c0d046919cf,+260 141 366 3538
15,imuzzolloe,mclaidene@ehow.com,b26f5f67c9c14e9df1f8e40a8628e0fd,+63 438 454 9873
16,jmcmorranf,sscattergoodf@desdev.cn,2f3ce45794ae92961228d7a097a59fca,+48 527 245 1534
17,lyokelg,lwilgarg@digg.com,03277b0b5e37b5a8cf2d984565afdb65,+51 866 137 2602
18,gblaikh,thegertyh@paginegialle.it,ca2989d38b4b6b6fa53f1fca7be8d1ed,+86 322 791 5058
19,cizkovicii,ahaddowi@jalbum.net,ab8b7653e66488a4101b71a2bebc305a,+84 154 597 0888
20,aszubertj,tschultesj@pcworld.com,c2f01c5c715d4d880d46bd10effd495c,+62 707 311 7279
21,jrubesk,sgowanlockk@google.ru,7971a4a919af8b7782c60ff9971e8d34,+1 584 522 9802
22,gattwooll,gbailesl@w3.org,4586c379ead5b30769e5be5051275f2a,+351 192 565 8471
23,srubinszteinm,rlavertym@kickstarter.com,a0a9f7cbd3f66ddcfae3c5baaf475794,+63 211 145 1841
24,odoucen,kquantrelln@google.com.br,155b9169dabc3ae0301ccf45873c4da1,+57 295 697 8683
25,bwollando,gsellano@ihg.com,6e60bd825f913a2926c8bfd45dc7787f,+86 421 721 4834
26,apozzop,oguinanp@cmu.edu,69674089010d556d013f2cb0bf06487f,+358 591 349 3705
27,malldreq,bfreelandq@pen.io,821ce45976d163bf544238ff6bf41431,+380 187 134 3276
28,bcristofolinir,eaickinr@bloglovin.com,7f1da2d9457140c86139d82ec4215c2a,+1 571 565 0778
29,awhibleys,etinans@hud.gov,5d383ec178ebd3b237f7d0b0ba0683e2,+389 993 776 4046
30,lodesont,dlivettt@usa.gov,f9240fc7d4742fe55b73a32a5e183918,+55 238 462 0881
31,tpalombiu,drockeyu@ifeng.com,c35727eef4ebce8d28d889d22da626ad,+352 225 465 5400
32,epaskellv,dohenehanv@surveymonkey.com,6e28d9deae5b2df16e4182d4cc022464,+52 558 209 8442
33,cbrodiew,ggoldinew@bloomberg.com,d4f748f11b9a3f5d8be0dccec3a15058,+48 262 916 3241
34,bchildrensx,mbenoitonx@exblog.jp,f89f0fba0fd2688171272182380693e1,+62 735 682 7082
35,laumerley,abristery@hugedomains.com,5115728b84c35db4b5707bf4f439f831,+351 168 485 6295
36,nloffillz,bbarfordz@woothemes.com,d6cadcb8af4972ed329806240914aa8b,+966 944 895 8527
37,achewter10,cquenell10@utexas.edu,a591ea9b4accbbeecf2d615ba88ca8ae,+86 551 859 6941
38,astovine11,rocalleran11@so-net.ne.jp,33f2a76702ed00caed492204695c8e58,+33 756 960 2469
39,cgarrat12,fgoodsir12@g.co,85546cf2e1824412d64e40f0585b8504,+420 656 326 6444
40,relflain13,csharpous13@typepad.com,061869df06f1dedf14536ac13e4a9994,+63 848 183 3904
41,mmcnee14,icoopey14@apache.org,553b6182a381c7af70294734643801e3,+62 308 744 2298
42,enials15,gverner15@ocn.ne.jp,693535ec4085dc583acde756be7ab76f,+57 352 759 4690
43,fculmer16,cchadburn16@jimdo.com,2d5637ba7ba6b131a87b3f3016523713,+86 877 172 8934
44,pevetts17,tbreacher17@alibaba.com,f2aef110f9e75ccc090909e435f6d71f,+234 818 438 5069
45,kcheckley18,gstroder18@springer.com,bdc31d86adcb45770224ca5c60382c3a,+86 657 981 9787
46,cbrinkler19,rovitts19@netlog.com,ec944d47fae29d04a51f8403fbf17c0b,+1 832 515 1425
47,lcumberpatch1a,dgeraghty1a@tinypic.com,178689e837c9d594134e22fea979ec12,+62 114 447 9763
48,fsemmence1b,dparzis1b@kickstarter.com,ccd98ef97def12019b81f4d19308098a,+46 617 514 1606
49,bclarkewilliams1c,lrosensaft1c@prnewswire.com,7e2a1f1cad7383442036237fd9ca0fef,+351 787 527 2849
50,rstote1d,cantat1d@vkontakte.ru,c5cbbe1556c81237933b97325296ace4,+81 981 217 6500
51,rsang1e,mwallach1e@studiopress.com,26cdbcc216f742c82a01cb6eb91feb74,+62 464 346 5016
52,mstenbridge1f,cshernock1f@npr.org,c2d372cdbd7611f59f13e16dacf79747,+46 122 338 9075
53,kdibaudi1g,tdowzell1g@nbcnews.com,74ff25fa04bd6cbfeb4e821989169d6c,+7 571 127 0605
54,jpaskins1h,atumulty1h@gnu.org,e4f74f84ad17204553b7aab0c71311ea,+7 536 859 9711
55,zgoulder1i,akeaves1i@census.gov,d348ecd908727a0be4678fb0c8d0d8f8,+63 788 970 3719
56,vthamelt1j,cfursey1j@delicious.com,4ff5c46cd367d6239b6a689b061c8f32,+62 225 198 5548
57,esparshatt1k,jlebrom1k@biglobe.ne.jp,aad394133111b2f6f48f83f51627953a,+62 249 241 1853
58,rhemerijk1l,bhares1l@utexas.edu,fed2d205c2e6bf38d03d8e382ac4cbbf,+385 121 151 7357
59,amelarkey1m,tsuggate1m@yellowpages.com,cf19dbcb40cc823cd5aa1bc1014e1919,+86 168 188 6595
60,pruegg1n,bsibbe1n@fotki.com,cfbee678bfe758067eebec1b3f336e95,+86 710 785 7303
61,ggarnar1o,itopper1o@nytimes.com,f52e85e95d91a953db24a0ad3f66f617,+62 116 379 4954
62,docodihie1p,mdeambrosi1p@slashdot.org,e8320cdb2f99693d124c00982023ec19,+380 472 386 1369
63,hceschelli1q,graund1q@virginia.edu,cb1d4c98a0b6de43f7f8cb45c0ad63c2,+30 953 871 3175
64,hsparrowhawk1r,atheaker1r@telegraph.co.uk,52ba52cfa4dd882459a687affe6c51dd,+86 359 639 3490
65,tbrumbie1s,jmaccosto1s@chicagotribune.com,16aeb890d9d276d978d144ad0f1b28e8,+371 132 910 3821
66,npinks1t,sgloucester1t@smugmug.com,461aea96d988a665501d3807064aaa61,+380 641 249 0595
67,jluffman1u,shallstone1u@mozilla.org,f60890052720f9a0b7f2e9eb8a67065a,+62 524 587 7543
68,jdudson1v,wmarushak1v@mail.ru,beddd4c5e88300dda953314a7152354f,+63 766 287 5776
69,asaipy1w,dfaro1w@ca.gov,26e43eb61d5f43235683bd4c7b2c8248,+55 912 569 8297
70,swaistell1x,dmckomb1x@narod.ru,93a89161d59eb98f5cd73c0204196cfe,+48 792 223 5956
71,galekseicik1y,pwombwell1y@seattletimes.com,247d0b28cb078861d4bb6f648cd75f32,+1 907 859 8938
72,wveregan1z,adurnian1z@businesswire.com,6b239a0dd20af611d0d9d7e4d262a115,+380 581 728 9035
73,ssharply20,adietz20@ameblo.jp,32ceb005201905868553030e9b2a3d26,+351 826 194 2478
74,nspurrior21,dbusen21@amazonaws.com,9883c5803fd75209eee29b04ca0601cf,+46 567 505 3195
75,gwrightam22,cmiles22@oakley.com,e8b89a65efba0747ce77c34ffb8a728e,+55 481 744 4027
76,drogeon23,jdring23@yahoo.co.jp,03b24f98bcd05b7097cd3b46fbd7b672,+86 363 364 3614
77,bbittleson24,vyarham24@people.com.cn,57a8d55e158f819d6c355ea509453f20,+86 450 703 0999
78,ssam25,lbampfield25@phoca.cz,4ff14946a8afda37e4c1998606d44d16,+52 531 511 1796
79,mpetriello26,ajerromes26@live.com,3b95c31bba40d005ea69061065d43110,+351 320 275 7845
80,pleall27,asaveall27@github.io,ed6c1ce15797c7398baf7630d7845217,+1 305 710 8360
81,mcolbrun28,minsall28@networkadvertising.org,99da830e4df9628a4eec7d18ec27eeac,+62 791 792 6728
82,pcamilli29,kbryer29@businessinsider.com,f71f606a28247a43688f7340ca1305c2,+86 248 974 5113
83,ksnary2a,nmcquilty2a@xing.com,0355e7090058ae3580f95f2a375c5bf7,+62 950 983 3747
84,esutcliff2b,ejirik2b@skype.com,c0768b5cc25a21891fbd2914debb6e03,+86 670 993 1067
85,mboots2c,pchesman2c@adobe.com,4c5c063c5fa63dc86279ceba4124c165,+55 535 914 8274
86,amilberry2d,sferrillo2d@mediafire.com,098d63495356dbcf90684f0b302cdfad,+51 370 778 2561
87,mcheetham2e,askones2e@taobao.com,c12cec047c5b1941a124a8015ad5e72c,+7 771 538 9916
88,fwhimp2f,mdavid2f@umich.edu,033a54f803dacc9bd2f0c2bbab3a9479,+48 854 134 1302
89,lprangle2g,jcooch2g@goo.gl,8c3636ca0ca39b64f0ed383ab2b07cde,+86 671 221 0218
90,gpoynton2h,bmacalees2h@biglobe.ne.jp,0f4212d0b89b8c40436f9ddcda2c76bd,+372 686 298 7608
91,eclemo2i,clago2i@tinyurl.com,84fbac5726ee5ab02e1c65de1ca15edc,+86 311 173 9150
92,cellin2j,wpipet2j@hostgator.com,1bcdbba2b0d5b4387bfc5b61c4e34fdb,+33 578 203 2269
93,dbramich2k,xwain2k@miitbeian.gov.cn,532cd76089ab6b9ba5f636a6065ece6e,+55 566 820 3705
94,zstandall2l,snaulls2l@wordpress.com,390cbdb551df83436ae1807d35c884e2,+1 405 743 8166
95,cdaeth2m,deastmond2m@pbs.org,10e8ae1cc73cf3ec30afa91ff8277bb0,+1 916 993 8859
96,cdomb2n,mkruschov2n@jugem.jp,ce9888e0306e0a1caa37f3c40ea6e266,+48 410 271 4898
97,hcarriage2o,cdanihelka2o@wix.com,30b473196fb8803cef4620ad5aa8d0b6,+86 281 563 5502
98,cnolte2p,johanley2p@bloglovin.com,fca1588b89f1160ec4592117578fd9ad,+46 975 449 8546
99,jjekel2q,bmckeran2q@sogou.com,eb9d7cb7e3958c6737a56b20c351d812,+62 975 436 9745
100,bomolan2r,lverbruggen2r@chronoengine.com,28fc2e988907bdbec969e4105bc673ea,+595 999 369 5219
